{"cameraMode":{"drawMode":0,"name":"Shaded","section":"Shading Mode"},"sceneLighting":false,"audioPlay":false,"sceneViewState":{"showFog":true,"showMaterialUpdate":false,"showSkybox":false,"showFlares":true,"showImageEffects":true,"showParticleSystems":true},"in2DMode":false,"pivot":{"x":0.05302286148071289,"y":1.3290164470672608,"z":0.02557384967803955},"rotation":{"x":-0.04124867171049118,"y":0.9579669237136841,"z":-0.21956726908683778,"w":-0.17996715009212495},"size":6.460554122924805,"orthographic":false}