{"cameraMode":{"drawMode":0,"name":"Shaded","section":"Shading Mode"},"sceneLighting":false,"audioPlay":false,"sceneViewState":{"showFog":true,"showMaterialUpdate":false,"showSkybox":false,"showFlares":true,"showImageEffects":true,"showParticleSystems":true},"in2DMode":false,"pivot":{"x":-0.09146666526794434,"y":2.5885534286499025,"z":0.03324723243713379},"rotation":{"x":-0.04124867171049118,"y":0.9579669237136841,"z":-0.21956726908683778,"w":-0.17996715009212495},"size":11.21213150024414,"orthographic":false}